Date,Open,High,Low,Close,Volume
31-Dec-13,555.56,559.94,552.58,559.79,-
30-Dec-13,559.61,559.69,553.96,554.18,-
27-Dec-13,559.44,559.58,555.91,558.64,-
26-Dec-13,556.45,558.94,553.79,558.17,-
24-Dec-13,556.93,557.06,553.50,555.36,-
23-Dec-13,553.37,557.34,552.01,556.99,-
20-Dec-13,544.10,550.03,543.46,549.76,-
19-Dec-13,540.18,545.45,539.00,542.57,-
18-Dec-13,535.46,541.93,528.99,541.83,-
17-Dec-13,536.51,539.84,533.66,534.40,-
16-Dec-13,530.97,536.81,530.47,535.95,-
13-Dec-13,537.07,537.61,528.41,529.86,-
12-Dec-13,539.25,540.93,533.97,534.45,-
11-Dec-13,543.16,545.11,537.05,538.11,-
10-Dec-13,537.29,545.61,537.29,541.79,-
9-Dec-13,534.51,540.61,533.48,538.53,-
6-Dec-13,534.36,534.46,529.51,534.40,-
5-Dec-13,528.07,529.30,525.02,528.14,-
4-Dec-13,525.16,531.46,524.48,528.56,-
3-Dec-13,524.95,531.19,523.99,526.10,-
2-Dec-13,531.22,532.64,524.85,526.71,-
29-Nov-13,530.55,532.78,529.20,529.27,-
27-Nov-13,530.48,533.47,529.47,531.02,-
26-Nov-13,523.78,530.22,520.95,528.68,-
25-Nov-13,518.06,526.07,516.99,522.44,-
22-Nov-13,516.19,517.57,514.10,515.43,-
21-Nov-13,512.99,518.64,512.49,516.52,-
20-Nov-13,514.46,516.16,509.67,510.64,-
19-Nov-13,515.34,516.86,511.01,512.09,-
18-Nov-13,517.36,523.85,514.11,515.26,-
15-Nov-13,516.92,518.48,514.64,516.26,-
14-Nov-13,516.44,519.36,514.66,517.10,-
13-Nov-13,502.87,515.91,502.75,515.72,-
12-Nov-13,503.35,508.27,502.00,505.38,-
11-Nov-13,504.25,507.46,503.50,504.79,-
8-Nov-13,503.87,508.74,503.75,507.51,-
7-Nov-13,510.79,511.45,503.32,503.47,-
6-Nov-13,512.29,512.99,507.18,510.86,-
5-Nov-13,509.66,515.31,508.20,510.25,-
4-Nov-13,515.23,515.67,510.50,512.54,-
1-Nov-13,515.38,517.48,512.04,513.01,-
31-Oct-13,513.95,520.24,511.47,514.77,-
30-Oct-13,518.20,518.24,512.49,514.69,-
29-Oct-13,509.04,517.95,506.24,517.60,-
28-Oct-13,507.09,511.20,505.99,506.99,-
25-Oct-13,513.90,513.90,504.86,507.09,-
24-Oct-13,515.42,519.76,511.89,512.26,-
23-Oct-13,500.00,516.86,499.81,515.19,-
22-Oct-13,502.00,505.99,497.40,503.00,-
21-Oct-13,505.22,508.99,499.28,501.15,-
18-Oct-13,487.80,507.22,486.51,505.20,-
17-Oct-13,446.05,448.00,442.42,443.95,-
16-Oct-13,442.49,448.72,441.56,448.56,-
15-Oct-13,437.44,442.37,436.56,440.56,-
14-Oct-13,432.90,437.69,432.26,437.62,-
11-Oct-13,432.58,436.30,432.22,435.56,-
10-Oct-13,431.49,433.98,429.67,433.69,-
9-Oct-13,427.71,430.89,421.07,427.50,-
8-Oct-13,432.23,432.56,425.39,426.41,-
7-Oct-13,433.29,436.56,431.62,432.44,-
4-Oct-13,437.06,438.32,434.56,435.74,-
3-Oct-13,443.56,446.60,435.61,437.61,-
2-Oct-13,440.92,444.23,438.47,443.55,-
1-Oct-13,439.68,443.39,439.58,443.06,-
30-Sep-13,434.11,439.98,433.72,437.52,-
27-Sep-13,436.97,438.32,435.22,437.76,-
26-Sep-13,438.71,440.93,437.06,438.65,-
25-Sep-13,442.83,442.83,437.36,438.18,-
24-Sep-13,442.81,444.60,440.26,442.98,-
23-Sep-13,447.63,450.34,442.16,442.81,-
20-Sep-13,448.75,451.61,447.36,451.10,-
19-Sep-13,452.54,452.54,447.25,448.75,-
18-Sep-13,442.73,451.53,441.09,451.21,-
17-Sep-13,443.26,443.75,440.06,442.61,-
16-Sep-13,447.65,448.05,441.99,443.44,-
13-Sep-13,446.80,447.39,441.98,444.09,-
12-Sep-13,448.25,448.50,444.56,446.08,-
11-Sep-13,443.83,448.04,442.60,447.65,-
10-Sep-13,444.56,445.55,441.56,443.89,-
9-Sep-13,441.42,444.43,440.77,443.58,-
6-Sep-13,440.78,441.45,436.43,439.35,-
5-Sep-13,436.31,439.50,435.37,439.34,-
4-Sep-13,429.74,436.31,427.16,435.38,-
3-Sep-13,426.75,432.66,426.55,429.76,-
30-Aug-13,427.45,428.59,422.36,423.03,-
29-Aug-13,424.11,429.76,423.87,427.29,-
28-Aug-13,424.70,427.28,423.46,423.85,-
27-Aug-13,429.38,431.43,423.53,424.65,-
26-Aug-13,434.56,437.01,432.59,432.76,-
23-Aug-13,438.48,438.56,434.44,434.67,-
22-Aug-13,435.91,436.94,434.69,436.42,-
21-Aug-13,434.89,438.02,432.82,434.23,-
20-Aug-13,433.74,435.62,431.34,432.28,-
19-Aug-13,428.43,435.56,428.30,432.39,-
16-Aug-13,430.21,430.79,427.84,428.03,-
15-Aug-13,431.79,432.03,428.57,429.40,-
14-Aug-13,438.75,439.67,433.15,434.47,-
13-Aug-13,442.97,443.81,437.66,440.18,-
12-Aug-13,443.01,443.06,440.38,442.31,-
9-Aug-13,444.83,447.31,444.56,444.76,-
8-Aug-13,447.30,447.47,442.20,445.88,-
7-Aug-13,447.07,448.78,444.10,444.88,-
6-Aug-13,451.89,454.40,447.42,447.84,-
5-Aug-13,452.24,452.31,449.15,452.05,-
2-Aug-13,451.27,453.05,449.96,452.83,-
1-Aug-13,447.05,451.82,447.05,451.66,-
31-Jul-13,446.05,447.81,442.65,443.43,-
30-Jul-13,442.29,447.36,439.99,445.01,-
29-Jul-13,442.01,446.96,440.00,440.69,-
26-Jul-13,443.05,444.55,440.56,442.23,-
25-Jul-13,446.49,447.98,442.60,443.41,-
24-Jul-13,453.18,454.69,449.90,451.00,-
23-Jul-13,454.89,456.04,449.34,451.45,-
22-Jul-13,450.55,455.88,448.05,454.89,-
19-Jul-13,442.86,451.02,437.37,447.85,-
18-Jul-13,459.04,459.54,451.14,454.88,-
17-Jul-13,460.04,462.97,457.69,458.82,-
16-Jul-13,463.10,463.52,456.49,459.34,-
15-Jul-13,461.69,463.54,457.72,461.88,-
12-Jul-13,459.54,461.04,457.16,461.04,-
11-Jul-13,456.04,459.94,453.81,459.66,-
10-Jul-13,451.27,455.11,449.74,452.54,-
9-Jul-13,455.04,456.02,448.54,452.17,-
8-Jul-13,449.16,452.68,448.09,452.09,-
5-Jul-13,444.56,447.26,443.23,446.30,-
3-Jul-13,439.51,444.14,438.81,442.77,-
2-Jul-13,444.65,445.05,438.20,440.71,-
1-Jul-13,442.78,445.59,442.06,443.50,-
28-Jun-13,437.01,440.48,436.66,439.74,-
27-Jun-13,438.96,441.90,437.89,438.10,-
26-Jun-13,436.44,438.56,434.85,436.39,-
25-Jun-13,438.19,439.40,431.82,432.67,-
24-Jun-13,435.50,437.72,431.19,434.46,-
21-Jun-13,443.73,444.50,436.10,440.02,-
20-Jun-13,446.55,450.05,441.21,441.93,-
19-Jun-13,450.23,454.96,448.30,449.89,-
18-Jun-13,443.88,450.05,443.73,449.86,-
17-Jun-13,439.18,444.27,438.70,442.68,-
14-Jun-13,439.61,441.91,436.63,437.08,-
13-Jun-13,434.06,439.39,432.32,438.06,-
12-Jun-13,442.29,442.56,434.39,435.55,-
11-Jun-13,441.54,443.06,439.32,439.47,-
10-Jun-13,440.61,445.05,439.60,444.66,-
7-Jun-13,434.77,439.56,432.23,439.43,-
6-Jun-13,431.72,432.73,423.19,431.89,-
5-Jun-13,430.82,434.29,428.14,429.42,-
4-Jun-13,433.49,434.86,426.61,429.12,-
3-Jun-13,431.34,436.55,427.08,433.38,-
31-May-13,433.63,438.06,433.33,435.17,-
30-May-13,434.53,439.01,432.77,434.94,-
29-May-13,437.42,438.56,431.71,433.72,-
28-May-13,441.31,445.62,439.76,440.19,-
24-May-13,437.19,438.97,435.07,436.22,-
23-May-13,438.06,444.54,436.56,440.95,-
22-May-13,450.83,454.20,443.00,444.27,-
21-May-13,453.56,455.37,448.36,453.03,-
20-May-13,452.05,459.84,452.05,453.81,-
17-May-13,454.56,456.29,449.81,454.14,-
16-May-13,459.04,459.53,450.55,451.48,-
15-May-13,447.30,457.73,446.56,457.49,-
14-May-13,438.31,443.90,438.13,443.11,-
13-May-13,439.01,440.79,436.25,438.33,-
10-May-13,437.22,439.83,435.64,439.67,-
9-May-13,434.98,439.39,433.68,435.30,-
8-May-13,428.07,436.50,426.03,436.38,-
7-May-13,431.07,431.50,424.91,428.19,-
6-May-13,423.71,430.49,423.71,430.34,-
3-May-13,418.06,422.98,417.58,422.44,-
2-May-13,409.64,416.86,409.12,414.39,-
1-May-13,411.22,411.95,407.77,409.80,-
30-Apr-13,409.09,413.41,408.43,411.87,-
29-Apr-13,401.22,410.94,401.10,409.12,-
26-Apr-13,403.40,403.47,397.89,400.31,-
25-Apr-13,407.72,407.83,403.41,404.15,-
24-Apr-13,403.65,408.59,403.60,406.32,-
23-Apr-13,400.10,407.34,399.78,403.55,-
22-Apr-13,399.90,401.58,387.11,399.66,-
19-Apr-13,384.20,401.32,382.75,399.54,-
18-Apr-13,392.28,392.51,380.25,382.57,-
17-Apr-13,392.98,395.03,388.66,390.89,-
16-Apr-13,392.90,397.60,391.57,396.29,-
15-Apr-13,392.58,398.10,388.12,390.57,-
12-Apr-13,395.60,395.66,391.07,394.63,-
11-Apr-13,396.04,396.15,391.64,394.80,-
10-Apr-13,391.07,395.78,387.61,394.69,-
9-Apr-13,387.36,391.48,386.17,388.44,-
8-Apr-13,388.99,389.39,383.82,387.04,-
5-Apr-13,392.64,393.10,387.81,391.13,-
4-Apr-13,401.72,402.47,395.25,397.14,-
3-Apr-13,406.32,406.69,399.93,402.70,-
2-Apr-13,401.87,407.01,401.60,406.11,-
1-Apr-13,397.11,400.72,396.23,400.19,-
28-Mar-13,401.59,402.28,396.25,396.70,-
27-Mar-13,402.94,403.10,400.26,400.93,-
26-Mar-13,406.34,406.59,403.49,405.80,-
25-Mar-13,405.80,409.21,403.01,404.42,-
22-Mar-13,406.96,407.21,404.42,404.75,-
21-Mar-13,405.24,408.05,404.52,405.22,-
20-Mar-13,408.01,408.35,405.31,406.95,-
19-Mar-13,405.21,409.22,402.82,405.25,-
18-Mar-13,402.10,405.97,400.33,403.49,-
15-Mar-13,408.84,409.74,406.26,406.74,-
14-Mar-13,413.08,413.08,408.29,410.36,-
13-Mar-13,413.54,414.93,410.74,412.24,-
12-Mar-13,414.94,415.53,411.42,413.39,-
11-Mar-13,415.43,419.43,415.33,416.99,-
8-Mar-13,416.83,417.04,412.11,415.34,-
7-Mar-13,416.61,417.89,414.38,415.88,-
6-Mar-13,420.09,421.58,413.99,415.27,-
5-Mar-13,414.05,419.65,414.04,418.88,-
4-Mar-13,402.25,411.01,402.10,410.34,-
1-Mar-13,398.50,403.17,397.68,402.69,-
28-Feb-13,400.15,403.09,400.11,400.20,-
27-Feb-13,397.00,401.97,395.16,399.49,-
26-Feb-13,397.10,397.58,391.81,394.67,-
25-Feb-13,400.75,403.80,394.85,394.99,-
22-Feb-13,399.23,400.22,396.50,399.46,-
21-Feb-13,398.60,402.32,395.21,397.37,-
20-Feb-13,402.25,404.08,395.50,395.83,-
19-Feb-13,397.60,403.10,397.24,403.02,-
15-Feb-13,393.31,396.23,393.14,396.05,-
14-Feb-13,389.48,393.98,388.50,393.52,-
13-Feb-13,389.67,392.28,389.60,391.04,-
12-Feb-13,390.48,393.56,389.30,389.96,-
11-Feb-13,388.81,391.11,386.49,390.82,-
8-Feb-13,389.67,392.94,389.39,392.29,-
7-Feb-13,384.47,389.02,382.37,386.59,-
6-Feb-13,379.16,386.09,378.87,384.70,-
5-Feb-13,380.18,385.17,379.35,382.49,-
4-Feb-13,383.46,384.85,378.76,379.13,-
1-Feb-13,378.70,387.90,378.70,387.40,-
31-Jan-13,374.88,378.43,374.75,377.47,-
30-Jan-13,376.49,380.09,376.08,376.54,-
29-Jan-13,373.00,378.10,372.90,376.46,-
28-Jan-13,375.50,377.42,373.57,374.99,-
25-Jan-13,375.01,378.86,374.75,376.46,-
24-Jan-13,370.25,378.04,369.88,376.54,-
23-Jan-13,367.63,374.13,367.53,370.38,-
22-Jan-13,351.98,352.32,347.41,351.08,-
18-Jan-13,354.82,356.03,350.31,351.90,-
17-Jan-13,358.50,359.46,355.15,355.30,-
16-Jan-13,360.84,361.81,356.48,357.24,-
15-Jan-13,359.31,367.13,355.69,362.10,-
14-Jan-13,368.13,370.73,360.81,361.26,-
11-Jan-13,370.63,370.84,367.78,369.62,-
10-Jan-13,371.04,372.13,366.38,370.37,-
9-Jan-13,365.77,368.81,363.94,368.69,-
8-Jan-13,367.40,367.78,361.85,366.28,-
7-Jan-13,367.36,369.32,364.92,367.01,-
4-Jan-13,364.31,370.36,363.48,368.62,-
3-Jan-13,362.10,365.60,360.00,361.47,-
2-Jan-13,359.35,363.14,357.92,361.26,-
31-Dec-12,349.65,354.93,347.65,353.34,-
28-Dec-12,350.49,353.10,349.65,349.65,-
27-Dec-12,353.22,354.07,348.96,352.79,-
26-Dec-12,353.68,356.08,350.85,354.08,-
24-Dec-12,356.90,357.23,353.38,354.40,-
21-Dec-12,356.63,359.05,354.90,357.46,-
20-Dec-12,361.27,361.96,358.13,360.82,-
19-Dec-12,359.99,361.14,357.98,359.69,-
18-Dec-12,357.94,364.19,357.17,360.17,-
17-Dec-12,352.40,368.77,351.66,360.03,-
14-Dec-12,349.24,353.56,348.87,350.63,-
13-Dec-12,357.60,357.88,349.42,351.00,-
12-Dec-12,349.27,351.40,346.39,348.43,-
11-Dec-12,344.66,350.61,343.52,348.09,-
10-Dec-12,342.35,345.48,341.55,342.37,-
7-Dec-12,347.15,348.09,340.87,341.76,-
6-Dec-12,343.45,347.46,341.91,345.22,-
5-Dec-12,345.73,346.90,340.82,343.57,-
4-Dec-12,347.15,347.41,342.51,345.17,-
3-Dec-12,350.77,352.59,346.71,347.28,-
30-Nov-12,345.31,349.26,342.50,348.84,-
29-Nov-12,343.55,346.60,340.66,345.60,-
28-Nov-12,333.67,342.11,331.61,341.49,-
27-Nov-12,329.75,337.16,328.67,335.02,-
26-Nov-12,332.89,333.17,329.18,330.24,-
23-Nov-12,334.65,334.66,332.72,333.65,-
21-Nov-12,334.16,334.57,329.87,332.60,-
20-Nov-12,334.42,338.66,331.95,334.65,-
19-Nov-12,327.52,334.13,327.44,333.77,-
16-Nov-12,322.67,326.18,317.68,323.27,-
15-Nov-12,324.68,329.67,321.63,323.31,-
14-Nov-12,330.00,330.76,324.92,325.95,-
13-Nov-12,331.17,333.47,328.79,329.20,-
12-Nov-12,331.54,334.57,330.10,332.62,-
9-Nov-12,327.00,333.84,324.82,331.18,-
8-Nov-12,334.76,335.41,325.29,325.82,-
7-Nov-12,337.16,338.78,332.91,333.23,-
6-Nov-12,342.40,342.91,338.44,340.52,-
5-Nov-12,341.91,343.09,337.44,341.14,-
2-Nov-12,347.05,347.43,343.34,343.62,-
1-Nov-12,339.41,345.10,339.02,343.45,-
31-Oct-12,339.59,340.16,337.16,339.81,-
26-Oct-12,337.91,341.17,335.26,337.24,-
25-Oct-12,339.66,340.66,336.42,338.54,-
24-Oct-12,343.06,343.16,337.30,338.31,-
23-Oct-12,335.67,343.32,335.66,339.83,-
22-Oct-12,340.16,341.97,334.52,339.00,-
19-Oct-12,352.44,353.00,335.66,340.55,-
18-Oct-12,377.39,379.33,337.66,347.15,-
17-Oct-12,371.60,377.79,369.76,377.37,-
16-Oct-12,369.69,373.12,367.86,371.98,-
15-Oct-12,370.60,371.54,364.98,370.12,-
12-Oct-12,375.55,377.06,371.68,372.00,-
11-Oct-12,376.07,378.87,374.77,375.36,-
10-Oct-12,370.56,373.39,368.78,371.91,-
9-Oct-12,379.46,380.28,370.89,371.67,-
8-Oct-12,380.12,381.41,376.70,378.54,-
5-Oct-12,384.97,386.80,382.12,383.44,-
4-Oct-12,380.99,384.56,379.32,383.64,-
3-Oct-12,377.48,381.58,375.72,380.87,-
2-Oct-12,382.22,382.61,374.76,378.12,-
1-Oct-12,379.15,382.12,377.73,380.51,-
28-Sep-12,376.70,379.27,375.20,376.87,-
27-Sep-12,379.60,381.04,375.45,377.87,-
26-Sep-12,374.55,380.24,370.13,376.35,-
25-Sep-12,376.15,382.06,373.46,374.21,-
24-Sep-12,365.13,374.64,364.76,374.32,-
21-Sep-12,365.74,367.09,364.69,366.63,-
20-Sep-12,361.87,365.32,360.25,363.69,-
19-Sep-12,358.39,363.92,357.85,363.39,-
18-Sep-12,353.54,358.97,353.04,358.78,-
17-Sep-12,353.70,356.08,352.15,354.64,-
14-Sep-12,354.45,356.14,353.15,354.49,-
13-Sep-12,346.20,354.15,344.92,352.67,-
12-Sep-12,344.36,347.11,340.10,345.10,-
11-Sep-12,348.63,349.97,345.15,345.75,-
10-Sep-12,354.53,356.05,348.85,350.03,-
7-Sep-12,349.65,355.77,348.49,352.72,-
6-Sep-12,342.64,349.60,342.02,349.35,-
5-Sep-12,339.66,342.91,339.23,340.02,-
4-Sep-12,341.93,342.16,336.41,340.18,-
31-Aug-12,341.66,343.95,339.68,342.20,-
30-Aug-12,341.78,343.35,339.75,340.50,-
29-Aug-12,338.35,344.15,337.74,343.66,-
28-Aug-12,332.17,338.47,332.04,338.29,-
27-Aug-12,331.16,335.66,329.29,334.28,-
24-Aug-12,337.46,339.88,336.70,338.98,-
23-Aug-12,336.80,339.90,335.16,338.06,-
22-Aug-12,333.36,339.96,333.02,338.25,-
21-Aug-12,336.22,338.66,330.75,334.42,-
20-Aug-12,337.41,339.10,335.99,337.43,-
17-Aug-12,336.72,338.29,335.51,338.23,-
16-Aug-12,333.42,336.98,333.21,336.10,-
15-Aug-12,334.80,336.79,331.72,333.44,-
14-Aug-12,329.30,336.09,329.17,334.00,-
13-Aug-12,323.39,329.74,323.02,329.67,-
10-Aug-12,318.98,320.80,317.75,320.68,-
9-Aug-12,321.93,322.86,320.44,320.85,-
8-Aug-12,319.21,322.61,318.93,320.79,-
7-Aug-12,320.57,321.81,317.92,319.95,-
6-Aug-12,319.49,324.37,319.29,321.09,-
3-Aug-12,319.68,321.54,317.75,320.34,-
2-Aug-12,312.44,318.70,311.39,314.06,-
1-Aug-12,318.33,319.43,315.37,316.02,-
31-Jul-12,313.82,317.93,313.80,316.17,-
30-Jul-12,317.71,320.98,314.44,315.83,-
27-Jul-12,309.14,317.18,308.44,317.16,-
26-Jul-12,307.19,308.13,304.71,306.37,-
25-Jul-12,303.86,306.38,302.38,303.69,-
24-Jul-12,307.19,308.66,301.87,303.48,-
23-Jul-12,299.94,308.87,298.83,307.45,-
20-Jul-12,304.08,306.16,298.79,305.10,-
19-Jul-12,292.78,298.94,292.71,296.23,-
18-Jul-12,288.20,291.55,287.78,290.09,-
17-Jul-12,288.93,290.04,283.92,288.08,-
16-Jul-12,287.90,289.31,285.60,287.17,-
13-Jul-12,285.79,289.28,283.99,287.97,-
12-Jul-12,283.28,285.68,280.76,284.95,-
11-Jul-12,287.86,288.64,282.19,285.31,-
10-Jul-12,294.80,295.92,289.08,290.56,-
9-Jul-12,292.18,294.01,290.33,292.71,-
6-Jul-12,295.93,296.46,291.12,292.70,-
5-Jul-12,294.09,299.73,293.98,297.66,-
3-Jul-12,289.71,293.91,288.71,293.62,-
2-Jul-12,290.62,291.21,287.96,289.94,-
29-Jun-12,287.19,289.77,285.81,289.74,-
28-Jun-12,282.67,282.83,278.33,281.87,-
27-Jun-12,283.57,286.71,282.73,284.36,-
26-Jun-12,281.10,283.02,279.46,282.06,-
25-Jun-12,283.38,283.76,278.40,280.07,-
22-Jun-12,283.72,285.45,282.63,285.45,-
21-Jun-12,289.63,289.63,281.58,282.32,-
20-Jun-12,289.62,289.71,286.47,288.47,-
19-Jun-12,286.51,291.85,286.27,290.47,-
18-Jun-12,281.03,286.82,279.35,285.14,-
15-Jun-12,279.89,281.98,278.27,281.97,-
14-Jun-12,280.37,282.25,277.98,279.25,-
13-Jun-12,280.58,283.22,279.06,280.26,-
12-Jun-12,284.60,284.86,279.01,282.27,-
11-Jun-12,291.81,292.37,283.06,283.97,-
8-Jun-12,287.64,290.21,287.00,289.93,-
7-Jun-12,293.51,293.65,288.34,288.83,-
6-Jun-12,287.95,290.69,286.52,289.99,-
5-Jun-12,287.44,288.78,282.95,284.92,-
4-Jun-12,284.82,289.95,284.72,289.01,-
1-Jun-12,285.61,286.04,283.89,285.20,-
31-May-12,294.07,294.70,289.21,290.14,-
30-May-12,293.79,295.65,291.47,293.82,-
29-May-12,297.61,299.27,293.87,296.87,-
25-May-12,300.20,300.56,293.85,295.47,-
24-May-12,304.28,305.65,299.14,301.53,-
23-May-12,300.52,304.50,298.26,304.43,-
22-May-12,306.41,306.60,297.70,300.10,-
21-May-12,299.96,307.54,299.70,306.75,-
18-May-12,312.24,315.89,298.05,299.90,-
17-May-12,316.60,318.61,310.30,311.21,-
16-May-12,308.67,314.73,307.66,314.15,-
15-May-12,302.37,307.19,301.57,305.25,-
14-May-12,300.09,303.95,299.99,301.70,-
11-May-12,304.87,306.97,302.08,302.31,-
10-May-12,306.17,307.79,304.81,306.52,-
9-May-12,303.11,307.88,300.60,304.27,-
8-May-12,302.46,308.14,300.05,306.09,-
7-May-12,297.20,304.98,297.20,303.47,-
4-May-12,302.66,303.64,298.11,298.19,-
3-May-12,304.51,307.11,304.17,305.20,-
2-May-12,300.30,303.75,300.00,303.33,-
1-May-12,301.59,305.49,299.79,301.91,-
30-Apr-12,306.19,307.73,300.00,302.12,-
27-Apr-12,307.20,308.06,304.99,307.18,-
26-Apr-12,305.15,308.69,304.55,307.43,-
25-Apr-12,301.70,305.37,301.14,304.56,-
24-Apr-12,298.82,303.01,298.36,300.33,-
23-Apr-12,296.15,298.93,294.80,298.50,-
20-Apr-12,301.82,304.12,297.62,297.73,-
19-Apr-12,302.54,307.82,299.20,299.35,-
18-Apr-12,303.72,306.09,301.10,303.42,-
17-Apr-12,303.98,308.54,303.20,304.48,-
16-Apr-12,311.19,311.59,300.53,302.73,-
13-Apr-12,323.45,324.17,311.46,311.99,-
12-Apr-12,320.85,326.24,319.81,325.18,-
11-Apr-12,316.67,317.68,315.33,317.66,-
10-Apr-12,316.44,316.93,311.96,313.12,-
9-Apr-12,313.93,317.35,312.33,315.10,-
5-Apr-12,315.80,317.90,313.97,315.84,-
4-Apr-12,318.91,319.18,315.23,317.26,-
3-Apr-12,322.38,323.65,319.00,320.99,-
2-Apr-12,320.06,323.43,317.10,323.14,-
30-Mar-12,325.55,326.42,320.18,320.30,-
29-Mar-12,326.39,327.97,321.83,323.88,-
28-Mar-12,325.69,328.96,325.21,327.55,-
27-Mar-12,323.19,326.42,322.08,323.19,-
26-Mar-12,322.18,324.42,319.45,324.34,-
23-Mar-12,322.98,323.93,320.13,320.97,-
22-Mar-12,318.93,324.08,315.18,322.70,-
21-Mar-12,316.99,323.37,315.94,319.67,-
20-Mar-12,315.14,317.71,313.32,316.43,-
19-Mar-12,311.25,318.32,310.31,316.67,-
16-Mar-12,310.14,312.64,309.72,312.21,-
15-Mar-12,307.99,311.44,307.11,310.25,-
14-Mar-12,307.19,311.08,306.42,307.69,-
13-Mar-12,304.07,308.62,302.47,308.58,-
12-Mar-12,299.70,303.20,299.33,302.27,-
9-Mar-12,303.67,305.64,299.70,299.82,-
8-Mar-12,304.71,305.44,302.87,303.27,-
7-Mar-12,304.22,305.29,302.63,303.10,-
6-Mar-12,303.72,304.10,296.62,302.18,-
5-Mar-12,309.90,310.93,305.38,306.82,-
2-Mar-12,310.69,311.69,309.85,310.31,-
1-Mar-12,310.82,312.54,308.77,310.89,-
29-Feb-12,308.99,312.49,307.44,308.82,-
28-Feb-12,304.70,309.58,303.54,308.89,-
27-Feb-12,302.99,305.87,302.23,304.35,-
24-Feb-12,303.37,305.52,302.45,304.65,-
23-Feb-12,303.20,303.67,299.87,302.75,-
22-Feb-12,305.67,308.08,303.05,303.67,-
21-Feb-12,301.63,308.63,301.14,306.69,-
17-Feb-12,302.18,303.51,300.90,302.02,-
16-Feb-12,301.11,304.10,298.57,302.96,-
15-Feb-12,306.16,306.16,300.98,302.48,-
14-Feb-12,305.46,305.69,302.08,304.58,-
13-Feb-12,304.94,306.61,304.70,305.79,-
10-Feb-12,303.64,303.76,301.70,302.65,-
9-Feb-12,305.70,306.94,304.20,305.42,-
8-Feb-12,304.02,305.37,302.07,304.62,-
7-Feb-12,303.27,304.39,301.58,303.08,-
6-Feb-12,297.21,305.11,296.71,304.24,-
3-Feb-12,295.03,298.24,293.73,297.87,-
2-Feb-12,292.14,292.91,290.75,292.26,-
1-Feb-12,292.18,292.46,289.28,290.12,-
31-Jan-12,291.21,291.71,287.29,289.76,-
30-Jan-12,288.74,289.71,286.41,288.56,-
27-Jan-12,285.10,289.87,284.38,289.70,-
26-Jan-12,285.70,286.95,281.99,283.77,-
25-Jan-12,288.47,289.07,282.91,284.46,-
24-Jan-12,292.87,293.55,288.71,290.17,-
23-Jan-12,292.71,294.04,291.29,292.47,-
20-Jan-12,294.97,295.20,290.56,292.70,-
19-Jan-12,320.17,320.17,315.41,319.47,-
18-Jan-12,313.00,316.68,310.75,316.14,-
17-Jan-12,315.67,315.67,312.53,313.98,-
13-Jan-12,312.82,313.16,310.22,312.18,-
12-Jan-12,315.29,316.13,312.94,314.51,-
11-Jan-12,311.44,314.38,310.25,312.67,-
10-Jan-12,314.56,316.58,308.15,311.26,-
9-Jan-12,322.93,323.18,310.30,310.92,-
6-Jan-12,329.25,329.67,324.57,324.68,-
5-Jan-12,330.73,331.65,327.79,329.18,-
4-Jan-12,332.18,334.79,329.98,333.81,-
3-Jan-12,326.14,333.74,325.86,332.37,-
30-Dec-11,320.69,323.06,320.69,322.63,-
29-Dec-11,320.42,321.18,317.28,320.88,-
28-Dec-11,321.05,322.18,318.73,319.53,-
27-Dec-11,315.71,321.92,315.68,319.80,-
23-Dec-11,315.68,317.02,314.96,316.25,-
22-Dec-11,313.66,315.55,313.19,314.54,-
21-Dec-11,314.69,315.59,309.17,312.60,-
20-Dec-11,313.69,315.60,313.68,314.87,-
19-Dec-11,313.69,313.94,309.69,310.60,-
16-Dec-11,311.85,314.35,310.42,312.67,-
15-Dec-11,310.95,311.69,309.04,309.46,-
14-Dec-11,310.61,311.85,305.94,308.73,-
13-Dec-11,314.07,317.96,311.11,312.50,-
12-Dec-11,310.63,312.78,309.83,312.38,-
9-Dec-11,308.69,314.25,308.20,313.40,-
8-Dec-11,310.21,313.41,307.34,307.72,-
7-Dec-11,310.53,312.52,308.74,311.38,-
6-Dec-11,311.18,314.00,309.81,311.57,-
5-Dec-11,313.51,315.63,310.89,312.51,-
2-Dec-11,308.22,311.69,307.82,309.87,-
1-Dec-11,299.70,307.69,299.20,306.58,-
30-Nov-11,298.68,299.46,295.75,299.40,-
29-Nov-11,293.65,294.88,290.37,291.17,-
28-Nov-11,289.40,294.12,287.96,293.80,-
25-Nov-11,282.31,286.85,280.38,281.22,-
23-Nov-11,287.39,289.83,284.77,284.77,-
22-Nov-11,289.71,292.19,287.33,289.71,-
21-Nov-11,293.59,293.96,285.76,290.18,-
18-Nov-11,300.70,301.95,296.58,297.14,-
17-Nov-11,304.72,305.84,298.09,300.13,-
16-Nov-11,305.73,308.84,305.00,305.43,-
15-Nov-11,306.09,308.73,304.94,307.97,-
14-Nov-11,303.70,308.73,303.59,306.19,-
11-Nov-11,300.35,305.74,299.00,303.87,-
10-Nov-11,302.66,302.67,295.48,297.24,-
9-Nov-11,301.83,304.39,299.03,300.17,-
8-Nov-11,304.20,306.88,301.50,305.86,-
7-Nov-11,296.36,304.09,295.82,303.86,-
4-Nov-11,296.45,299.57,295.92,297.77,-
3-Nov-11,293.21,298.45,291.57,298.45,-
2-Nov-11,292.16,293.69,289.95,292.12,-
1-Nov-11,289.76,292.46,288.09,289.04,-
31-Oct-11,297.25,299.55,295.54,296.02,-
28-Oct-11,296.96,300.85,296.83,299.77,-
27-Oct-11,298.91,301.05,296.35,299.04,-
26-Oct-11,294.48,294.79,286.14,292.86,-
25-Oct-11,296.25,297.20,291.13,291.29,-
24-Oct-11,293.07,299.69,292.96,297.91,-
21-Oct-11,294.46,296.08,293.06,294.95,-
20-Oct-11,290.66,294.15,289.47,291.54,-
19-Oct-11,293.38,295.73,289.32,290.06,-
18-Oct-11,289.80,295.98,288.41,294.96,-
17-Oct-11,291.57,295.62,288.71,290.91,-
14-Oct-11,299.44,299.50,293.49,295.54,-
13-Oct-11,274.74,279.22,273.74,279.22,-
12-Oct-11,273.79,277.34,272.04,273.98,-
11-Oct-11,266.46,273.13,266.46,271.32,-
10-Oct-11,262.33,268.47,261.34,268.32,-
7-Oct-11,258.16,259.99,254.89,257.30,-
6-Oct-11,253.50,257.36,251.05,257.10,-
5-Oct-11,247.93,253.65,240.14,252.10,-
4-Oct-11,244.77,251.47,240.06,250.70,-
3-Oct-11,254.67,255.74,247.25,247.51,-
30-Sep-11,259.84,261.74,256.93,257.26,-
29-Sep-11,267.75,268.38,259.45,263.49,-
28-Sep-11,270.48,271.74,263.59,264.16,-
27-Sep-11,268.83,273.25,267.76,269.40,-
26-Sep-11,263.36,266.20,256.37,265.68,-
23-Sep-11,258.02,262.95,256.99,262.49,-
22-Sep-11,262.86,264.12,256.74,260.07,-
21-Sep-11,273.57,277.22,269.16,269.33,-
20-Sep-11,274.42,278.98,271.06,273.04,-
19-Sep-11,269.90,274.68,267.42,273.06,-
16-Sep-11,272.13,273.15,271.30,273.07,-
15-Sep-11,267.48,272.22,267.01,271.01,-
14-Sep-11,266.03,268.21,262.65,265.77,-
13-Sep-11,265.73,266.67,261.44,264.50,-
12-Sep-11,258.72,265.73,258.49,264.79,-
9-Sep-11,265.43,267.06,260.33,262.16,-
8-Sep-11,266.63,269.28,265.68,267.21,-
7-Sep-11,264.96,267.70,263.44,266.75,-
6-Sep-11,255.14,261.12,254.99,260.83,-
2-Sep-11,261.97,263.70,260.10,262.16,-
1-Sep-11,270.10,271.64,265.34,265.98,-
31-Aug-11,272.10,272.88,267.73,270.21,-
30-Aug-11,268.83,271.22,265.14,270.08,-
29-Aug-11,267.01,269.46,266.51,269.27,-
26-Aug-11,259.74,264.96,256.31,263.17,-
25-Aug-11,264.92,268.37,258.89,259.76,-
24-Aug-11,259.41,264.74,258.36,261.38,-
23-Aug-11,251.50,260.44,249.28,259.15,-
22-Aug-11,251.75,253.25,247.02,248.84,-
19-Aug-11,249.42,257.18,245.18,245.21,-
18-Aug-11,261.47,262.18,249.99,252.19,-
17-Aug-11,269.74,271.57,265.12,266.31,-
16-Aug-11,275.94,275.94,264.88,269.23,-
15-Aug-11,276.44,282.21,272.75,278.34,-
12-Aug-11,284.47,284.96,279.92,281.60,-
11-Aug-11,276.63,283.97,273.93,280.78,-
10-Aug-11,280.41,281.78,273.59,274.23,-
9-Aug-11,280.22,287.02,270.23,286.42,-
8-Aug-11,281.21,284.22,271.90,272.74,-
5-Aug-11,290.98,294.70,280.72,289.23,-
4-Aug-11,296.95,299.13,288.45,288.47,-
3-Aug-11,296.74,301.20,291.52,300.28,-
2-Aug-11,302.70,299.11,291.52,296.77,-
1-Aug-11,305.30,307.44,299.29,303.08,-
29-Jul-11,301.81,307.17,301.54,301.54,-
28-Jul-11,302.29,307.68,301.20,305.16,-
27-Jul-11,308.28,310.16,302.07,303.31,-
26-Jul-11,308.72,313.44,308.30,310.95,-
25-Jul-11,306.37,312.39,306.19,309.18,-
22-Jul-11,302.39,309.44,301.83,308.81,-
21-Jul-11,296.72,303.73,296.71,303.19,-
20-Jul-11,300.79,301.11,297.38,297.38,-
19-Jul-11,297.77,302.04,297.47,300.97,-
18-Jul-11,295.95,300.72,295.70,297.17,-
15-Jul-11,298.45,299.82,293.79,298.51,-
14-Jul-11,269.29,270.73,263.10,264.21,-
13-Jul-11,268.23,271.73,267.97,268.86,-
12-Jul-11,263.82,269.44,262.74,266.74,-
11-Jul-11,263.83,267.72,262.49,263.38,-
8-Jul-11,266.21,268.56,263.37,265.73,-
7-Jul-11,270.23,275.06,267.67,273.03,-
6-Jul-11,266.48,268.99,266.25,267.41,-
5-Jul-11,262.39,267.43,262.39,265.95,-
1-Jul-11,253.12,260.33,252.94,260.25,-
30-Jun-11,250.74,253.08,250.50,252.94,-
29-Jun-11,248.02,249.87,245.94,248.54,-
28-Jun-11,241.77,247.86,241.77,246.58,-
27-Jun-11,236.80,244.00,236.60,241.20,-
24-Jun-11,240.10,240.13,236.27,237.20,-
23-Jun-11,240.82,241.19,236.63,239.87,-
22-Jun-11,245.48,245.93,243.12,243.26,-
21-Jun-11,243.35,246.72,242.12,246.25,-
20-Jun-11,242.26,242.87,239.38,242.05,-
17-Jun-11,252.84,253.09,242.16,242.27,-
16-Jun-11,251.15,253.81,248.09,249.93,-
15-Jun-11,252.26,253.92,250.05,251.22,-
14-Jun-11,253.82,256.78,253.24,253.93,-
13-Jun-11,254.74,254.84,250.83,252.11,-
10-Jun-11,256.78,258.09,254.39,254.50,-
9-Jun-11,259.74,259.74,257.56,258.11,-
8-Jun-11,258.01,260.36,257.63,259.33,-
7-Jun-11,261.18,262.05,259.24,259.26,-
6-Jun-11,262.66,263.15,259.37,260.27,-
3-Jun-11,260.74,263.54,260.49,261.28,-
2-Jun-11,263.52,264.88,260.98,263.77,-
1-Jun-11,263.76,266.33,262.39,262.54,-
31-May-11,262.24,264.26,261.49,264.25,-
27-May-11,258.98,260.63,257.89,260.19,-
26-May-11,258.59,260.80,257.24,258.81,-
25-May-11,258.41,261.12,258.37,259.58,-
24-May-11,259.92,261.72,258.82,258.87,-
23-May-11,258.04,259.74,256.44,258.94,-
20-May-11,265.63,265.73,261.30,261.75,-
19-May-11,266.10,268.00,264.60,265.36,-
18-May-11,264.51,264.90,262.59,264.64,-
17-May-11,257.46,265.34,257.26,264.96,-
16-May-11,262.89,263.37,257.94,258.95,-
13-May-11,267.04,267.69,264.26,264.51,-
12-May-11,267.35,268.20,265.19,267.26,-
11-May-11,269.80,271.50,266.58,267.46,-
10-May-11,269.73,271.94,268.50,271.06,-
9-May-11,267.23,268.98,265.28,268.57,-
6-May-11,268.81,270.46,267.32,267.38,-
5-May-11,266.66,269.44,265.48,266.87,-
4-May-11,267.32,269.23,266.24,267.63,-
3-May-11,268.30,270.73,264.55,266.68,-
2-May-11,272.58,272.59,268.29,269.01,-
29-Apr-11,269.73,271.78,268.99,271.78,-
28-Apr-11,268.76,269.35,266.77,268.72,-
27-Apr-11,268.73,268.79,266.91,268.61,-
26-Apr-11,263.00,268.45,262.34,266.14,-
25-Apr-11,262.36,263.24,260.74,262.26,-
21-Apr-11,263.48,263.88,260.93,262.29,-
20-Apr-11,262.69,263.15,260.43,262.60,-
19-Apr-11,264.71,265.17,260.19,260.50,-
18-Apr-11,262.95,263.57,259.24,263.16,-
15-Apr-11,272.37,272.60,264.76,265.08,-
14-Apr-11,287.31,289.44,285.76,288.97,-
13-Apr-11,287.47,288.51,285.59,287.85,-
12-Apr-11,287.21,288.17,283.74,285.02,-
11-Apr-11,287.81,288.76,286.21,288.40,-
8-Apr-11,292.15,292.15,288.74,288.79,-
7-Apr-11,287.58,290.03,286.81,289.71,-
6-Apr-11,285.80,287.29,283.72,286.80,-
5-Apr-11,290.25,290.45,282.56,284.26,-
4-Apr-11,296.20,297.07,291.26,293.55,-
1-Apr-11,294.09,297.30,294.09,295.60,-
31-Mar-11,291.21,293.79,290.58,293.09,-
30-Mar-11,291.90,292.46,290.00,290.63,-
29-Mar-11,287.71,290.65,286.22,290.57,-
28-Mar-11,290.74,292.20,287.07,287.39,-
25-Mar-11,293.15,293.16,289.33,289.58,-
24-Mar-11,292.42,293.90,289.11,293.15,-
23-Mar-11,287.31,290.93,285.71,290.79,-
22-Mar-11,288.35,289.33,285.97,288.37,-
21-Mar-11,284.82,289.61,284.23,287.96,-
18-Mar-11,282.04,283.71,279.59,280.25,-
17-Mar-11,281.96,284.22,279.99,280.40,-
16-Mar-11,283.72,284.61,275.36,278.27,-
15-Mar-11,278.47,285.21,277.47,284.50,-
14-Mar-11,286.11,288.86,283.73,284.71,-
11-Mar-11,288.82,289.71,286.38,288.07,-
10-Mar-11,292.43,293.02,289.44,289.86,-
9-Mar-11,295.20,296.96,292.58,295.59,-
8-Mar-11,296.17,298.69,294.80,295.86,-
7-Mar-11,299.97,301.54,293.21,295.53,-
4-Mar-11,303.86,304.19,299.80,300.01,-
3-Mar-11,302.89,305.44,302.20,304.48,-
2-Mar-11,299.60,302.70,297.30,300.09,-
1-Mar-11,308.58,309.30,299.35,300.08,-
28-Feb-11,304.70,307.94,303.70,306.39,-
25-Feb-11,305.62,307.05,304.45,304.71,-
24-Feb-11,305.39,306.24,300.37,304.11,-
23-Feb-11,304.86,307.04,301.70,305.35,-
22-Feb-11,309.70,312.15,303.58,304.80,-
18-Feb-11,312.69,315.27,311.78,314.72,-
17-Feb-11,310.31,313.31,309.83,312.32,-
16-Feb-11,312.50,312.94,310.74,311.80,-
15-Feb-11,313.35,314.73,311.24,311.76,-
14-Feb-11,311.36,314.50,309.71,313.76,-
11-Feb-11,306.59,312.19,306.19,311.94,-
10-Feb-11,306.64,308.44,305.47,307.91,-
9-Feb-11,308.13,309.42,305.86,307.94,-
8-Feb-11,307.16,309.50,306.95,308.88,-
7-Feb-11,304.78,308.89,304.30,306.84,-
4-Feb-11,304.77,305.42,303.00,305.18,-
3-Feb-11,304.44,305.42,302.76,304.77,-
2-Feb-11,305.19,306.86,303.46,305.69,-
1-Feb-11,301.94,306.37,301.25,305.21,-
31-Jan-11,301.50,301.93,297.48,299.88,-
28-Jan-11,309.23,309.87,299.58,300.19,-
27-Jan-11,308.64,309.54,306.32,308.09,-
26-Jan-11,309.85,310.93,307.33,307.94,-
25-Jan-11,303.80,310.03,302.96,309.65,-
24-Jan-11,303.48,305.94,300.31,305.23,-
21-Jan-11,319.47,320.54,305.37,305.61,-
20-Jan-11,315.79,316.72,311.33,313.07,-
19-Jan-11,320.74,321.16,314.52,315.56,-
18-Jan-11,312.72,320.67,312.32,319.50,-
14-Jan-11,308.39,311.82,308.23,311.78,-
13-Jan-11,308.18,309.53,306.77,308.04,-
12-Jan-11,309.37,309.37,307.08,308.13,-
11-Jan-11,308.55,309.09,306.94,307.70,-
10-Jan-11,307.09,307.39,303.98,306.80,-
7-Jan-11,307.65,308.82,304.76,307.91,-
6-Jan-11,305.03,308.91,304.72,306.44,-
5-Jan-11,299.73,304.86,299.72,304.23,-
4-Jan-11,302.51,302.79,299.76,300.76,-
3-Jan-11,297.94,302.49,297.94,301.87,-
31-Dec-10,298.07,298.91,295.72,296.69,-
30-Dec-10,298.70,300.37,298.40,299.13,-
29-Dec-10,300.70,300.90,299.16,300.20,-
28-Dec-10,300.72,301.63,298.71,299.16,-
27-Dec-10,301.07,301.59,299.45,300.89,-
23-Dec-10,302.37,302.70,300.71,301.81,-
22-Dec-10,301.70,303.20,301.34,302.44,-
21-Dec-10,298.99,302.06,298.51,301.23,-
20-Dec-10,297.03,298.64,294.03,297.23,-
17-Dec-10,295.20,295.98,293.54,295.10,-
16-Dec-10,296.13,296.59,293.74,295.56,-
15-Dec-10,296.80,297.93,294.28,294.85,-
14-Dec-10,298.25,298.85,295.94,297.16,-
13-Dec-10,298.26,301.20,296.75,297.01,-
10-Dec-10,296.27,296.70,294.85,295.81,-
9-Dec-10,296.64,297.49,294.21,295.45,-
8-Dec-10,295.69,295.96,291.55,294.97,-
7-Dec-10,295.34,296.20,292.71,293.28,-
6-Dec-10,289.99,290.71,288.02,288.89,-
3-Dec-10,284.44,287.95,283.72,286.21,-
2-Dec-10,284.05,286.38,282.39,285.62,-
1-Dec-10,281.22,285.50,280.92,281.89,-
30-Nov-10,286.87,286.87,276.38,277.58,-
29-Nov-10,294.29,294.61,289.69,290.76,-
26-Nov-10,294.93,296.19,293.21,294.70,-
24-Nov-10,293.36,298.00,293.23,297.19,-
23-Nov-10,293.21,294.21,288.81,291.21,-
22-Nov-10,293.44,296.42,291.08,295.31,-
19-Nov-10,298.20,298.65,294.87,295.12,-
18-Nov-10,294.21,299.69,293.99,297.98,-
17-Nov-10,292.21,294.46,290.39,291.48,-
16-Nov-10,296.08,298.65,291.43,291.57,-
15-Nov-10,301.24,301.70,296.73,297.44,-
12-Nov-10,306.69,308.14,300.30,301.34,-
11-Nov-10,309.54,309.62,306.80,308.29,-
10-Nov-10,310.73,311.19,308.45,311.13,-
9-Nov-10,314.68,315.11,309.94,312.10,-
8-Nov-10,311.70,314.43,311.25,313.07,-
5-Nov-10,311.28,312.43,310.24,312.23,-
4-Nov-10,312.01,314.65,310.74,311.82,-
3-Nov-10,308.44,310.60,306.44,309.78,-
2-Nov-10,309.03,309.69,306.98,307.49,-
1-Nov-10,307.56,310.02,305.30,307.19,-
29-Oct-10,308.23,309.19,306.19,306.54,-
28-Oct-10,309.71,310.19,306.34,308.98,-
27-Oct-10,307.58,309.69,305.86,307.93,-
26-Oct-10,306.24,310.30,305.21,308.99,-
25-Oct-10,307.49,312.06,307.18,307.94,-
22-Oct-10,305.65,307.10,304.72,305.96,-
21-Oct-10,305.45,307.69,302.70,305.69,-
20-Oct-10,303.77,308.38,303.45,303.69,-
19-Oct-10,304.12,307.10,301.13,303.61,-
18-Oct-10,299.97,309.54,299.97,308.55,-
15-Oct-10,299.34,300.52,295.50,300.42,-
14-Oct-10,271.82,272.35,268.29,270.19,-
13-Oct-10,273.23,273.47,270.89,271.38,-
12-Oct-10,269.79,272.72,268.63,270.42,-
11-Oct-10,268.97,272.03,268.32,269.15,-
8-Oct-10,266.12,268.53,263.55,267.91,-
7-Oct-10,267.84,268.33,264.31,264.74,-
6-Oct-10,269.36,269.70,264.71,266.91,-
5-Oct-10,263.93,269.73,263.01,268.85,-
4-Oct-10,262.21,263.86,259.17,260.91,-
1-Oct-10,264.74,265.04,261.24,262.55,-
30-Sep-10,264.32,265.67,259.20,262.63,-
29-Sep-10,263.66,266.20,262.09,263.58,-
28-Sep-10,266.47,266.53,258.97,263.32,-
27-Sep-10,264.16,268.16,264.16,264.94,-
24-Sep-10,260.61,263.65,258.87,263.38,-
23-Sep-10,257.05,259.58,255.39,256.48,-
22-Sep-10,256.17,258.63,255.58,257.74,-
21-Sep-10,254.59,259.73,254.20,256.47,-
20-Sep-10,246.00,254.95,245.78,253.89,-
17-Sep-10,241.63,245.35,240.35,244.83,-
16-Sep-10,239.74,240.98,239.47,240.29,-
15-Sep-10,239.74,240.70,239.01,240.08,-
14-Sep-10,240.76,242.13,239.80,239.97,-
13-Sep-10,240.21,241.93,239.53,240.89,-
10-Sep-10,239.27,239.66,237.30,237.83,-
9-Sep-10,238.68,239.96,235.05,237.85,-
8-Sep-10,232.36,236.01,232.02,235.05,-
7-Sep-10,232.02,233.56,231.28,231.97,-
3-Sep-10,235.02,235.70,233.49,234.91,-
2-Sep-10,231.19,231.98,229.92,231.36,-
1-Sep-10,227.26,232.24,226.02,229.94,-
31-Aug-10,224.83,227.21,223.78,224.78,-
30-Aug-10,229.34,229.65,225.98,226.12,-
27-Aug-10,226.05,229.77,223.60,229.19,-
26-Aug-10,227.80,228.40,224.99,225.26,-
25-Aug-10,224.78,228.68,224.78,227.08,-
24-Aug-10,228.62,228.96,225.23,225.47,-
23-Aug-10,230.52,233.89,228.64,231.80,-
20-Aug-10,233.75,235.56,230.28,230.78,-
19-Aug-10,240.26,241.01,233.39,233.75,-
18-Aug-10,244.97,245.19,240.53,240.83,-
17-Aug-10,244.02,247.10,242.77,245.01,-
16-Aug-10,241.60,244.69,240.01,242.55,-
13-Aug-10,244.26,245.35,242.76,242.93,-
12-Aug-10,241.73,247.13,241.01,245.76,-
11-Aug-10,248.62,248.75,245.50,245.62,-
10-Aug-10,250.92,252.75,249.04,251.60,-
9-Aug-10,250.87,252.50,250.43,252.42,-
6-Aug-10,252.45,252.62,247.78,249.86,-
5-Aug-10,252.69,254.05,251.53,253.80,-
4-Aug-10,245.84,253.25,245.28,252.91,-
3-Aug-10,245.00,245.98,243.14,244.67,-
2-Aug-10,244.25,246.39,243.23,244.96,-
30-Jul-10,239.59,243.44,239.33,242.18,-
29-Jul-10,242.73,244.20,239.43,242.25,-
28-Jul-10,247.22,247.38,241.09,241.93,-
27-Jul-10,245.04,248.50,244.84,246.07,-
26-Jul-10,244.30,245.13,242.20,244.24,-
23-Jul-10,240.14,245.05,239.76,244.78,-
22-Jul-10,241.37,244.25,241.00,242.16,-
21-Jul-10,241.76,242.61,237.48,238.51,-
20-Jul-10,230.28,241.25,230.07,240.55,-
19-Jul-10,230.27,234.59,228.53,232.86,-
16-Jul-10,234.32,235.04,229.53,229.57,-
15-Jul-10,245.62,247.10,241.10,246.76,-
14-Jul-10,244.70,246.67,242.99,245.42,-
13-Jul-10,240.88,246.25,239.90,244.36,-
12-Jul-10,235.95,239.48,235.30,237.68,-
9-Jul-10,235.74,236.39,231.16,233.51,-
8-Jul-10,226.55,228.44,224.61,228.05,-
7-Jul-10,218.94,225.42,217.47,224.87,-
6-Jul-10,221.78,223.61,216.60,217.82,-
2-Jul-10,220.59,220.92,217.78,218.06,-
1-Jul-10,222.42,223.98,216.60,219.53,-
30-Jun-10,227.25,228.69,222.14,222.25,-
29-Jun-10,231.49,232.04,225.33,226.90,-
28-Jun-10,236.06,238.54,234.27,235.80,-
25-Jun-10,238.29,238.58,235.04,236.10,-
24-Jun-10,239.59,241.13,236.39,237.31,-
23-Jun-10,243.20,243.20,238.84,240.78,-
22-Jun-10,244.71,248.05,242.62,242.88,-
21-Jun-10,249.70,250.23,242.20,244.04,-
18-Jun-10,251.00,251.48,248.82,249.76,-
17-Jun-10,251.47,252.68,248.10,249.79,-
16-Jun-10,247.84,251.75,247.81,250.38,-
15-Jun-10,241.30,249.95,240.85,248.75,-
14-Jun-10,246.99,247.00,241.35,241.35,-
11-Jun-10,241.01,244.11,240.57,244.01,-
10-Jun-10,239.94,244.01,237.68,243.26,-
9-Jun-10,243.37,244.20,235.76,236.77,-
8-Jun-10,243.68,244.18,238.53,242.15,-
7-Jun-10,249.28,250.20,241.33,242.52,-
4-Jun-10,249.61,254.37,248.10,249.11,-
3-Jun-10,247.31,253.75,247.10,252.55,-
2-Jun-10,243.10,246.69,240.49,246.44,-
1-Jun-10,239.97,245.28,239.82,240.94,-
28-May-10,246.12,246.48,241.26,242.57,-
27-May-10,242.19,245.91,240.28,244.98,-
26-May-10,240.79,244.64,237.26,237.50,-
25-May-10,233.84,238.49,231.77,238.30,-
24-May-10,240.12,244.65,238.16,238.34,-
21-May-10,234.30,242.26,231.97,235.79,-
20-May-10,242.29,242.55,236.66,237.27,-
19-May-10,247.88,249.47,243.63,246.97,-
18-May-10,254.74,255.23,248.29,248.94,-
17-May-10,253.14,253.93,248.93,253.73,-
14-May-10,254.63,255.24,247.88,253.51,-
13-May-10,257.99,260.74,254.93,255.18,-
12-May-10,255.76,255.76,250.75,252.44,-
11-May-10,257.58,259.68,253.86,254.27,-
10-May-10,256.73,261.15,256.04,260.56,-
7-May-10,249.74,252.41,240.42,246.32,-
6-May-10,254.12,258.50,229.77,249.09,-
5-May-10,250.24,257.60,249.98,254.63,-
4-May-10,263.00,263.11,251.85,252.93,-
3-May-10,262.99,266.19,262.28,265.03,-
30-Apr-10,265.30,268.57,262.46,262.58,-
29-Apr-10,266.42,267.98,263.07,265.73,-
28-Apr-10,265.78,267.15,260.25,264.33,-
27-Apr-10,264.21,268.90,263.35,264.26,-
26-Apr-10,272.21,272.22,264.34,265.55,-
23-Apr-10,273.35,274.39,270.86,272.22,-
22-Apr-10,275.72,275.97,271.40,273.26,-
21-Apr-10,277.95,279.84,275.80,276.87,-
20-Apr-10,276.81,279.55,275.25,277.24,-
19-Apr-10,274.10,276.72,272.23,274.77,-
16-Apr-10,281.22,284.12,274.54,274.80,-
15-Apr-10,295.79,298.62,293.85,297.35,-
14-Apr-10,294.73,295.87,291.71,294.21,-
13-Apr-10,285.98,294.15,285.28,293.09,-
12-Apr-10,283.39,286.71,282.83,286.08,-
9-Apr-10,283.72,284.10,281.72,282.83,-
8-Apr-10,281.38,284.64,279.74,283.46,-
7-Apr-10,283.37,284.09,280.65,281.49,-
6-Apr-10,284.45,285.16,282.42,283.83,-
5-Apr-10,285.16,287.15,284.22,285.22,-
31-Mar-10,282.24,284.59,281.12,283.28,-
30-Mar-10,281.13,283.53,279.86,283.07,-
29-Mar-10,281.22,282.08,280.00,280.94,-
26-Mar-10,282.35,283.41,279.73,281.06,-
25-Mar-10,279.23,285.71,279.05,281.16,-
24-Mar-10,272.48,279.64,269.58,278.39,-
23-Mar-10,278.24,278.88,270.73,274.23,-
22-Mar-10,277.78,283.14,276.86,278.47,-
19-Mar-10,282.83,283.72,278.36,279.72,-
18-Mar-10,282.08,283.94,281.20,282.92,-
17-Mar-10,283.87,285.44,281.84,282.50,-
16-Mar-10,280.63,283.93,280.10,282.32,-
15-Mar-10,283.06,284.44,277.72,281.31,-
12-Mar-10,293.78,293.84,289.29,289.48,-
11-Mar-10,286.84,292.81,286.81,290.28,-
10-Mar-10,281.60,288.96,280.82,287.94,-
9-Mar-10,279.65,282.05,277.97,279.81,-
8-Mar-10,282.11,282.31,280.22,280.96,-
5-Mar-10,280.39,283.55,279.67,281.82,-
4-Mar-10,272.98,277.79,272.83,277.02,-
3-Mar-10,270.91,273.79,269.36,272.39,-
2-Mar-10,267.47,272.56,267.24,270.26,-
1-Mar-10,264.34,266.38,263.61,266.08,-
26-Feb-10,263.45,265.61,261.48,263.14,-
25-Feb-10,263.30,263.98,259.74,262.95,-
24-Feb-10,266.93,268.95,264.99,265.47,-
23-Feb-10,271.23,271.54,265.88,267.27,-
22-Feb-10,273.40,273.48,270.23,271.13,-
19-Feb-10,270.23,271.74,269.58,270.11,-
18-Feb-10,268.50,272.23,267.80,271.34,-
17-Feb-10,270.73,271.43,268.54,268.83,-
16-Feb-10,268.30,271.79,266.88,270.38,-
12-Feb-10,266.22,268.31,264.98,266.29,-
11-Feb-10,265.86,269.97,264.49,267.93,-
10-Feb-10,266.77,268.63,263.58,266.96,-
9-Feb-10,269.50,270.49,267.27,267.95,-
8-Feb-10,265.98,270.73,265.50,266.47,-
5-Feb-10,263.94,266.48,260.97,265.38,-
4-Feb-10,268.23,268.73,262.52,263.13,-
3-Feb-10,264.07,270.78,263.85,270.14,-
2-Feb-10,267.21,267.21,263.54,265.29,-
1-Feb-10,267.03,267.64,264.88,266.24,-
29-Jan-10,268.98,270.22,262.54,264.71,-
28-Jan-10,271.97,273.23,265.03,266.88,-
27-Jan-10,270.36,273.55,267.39,270.78,-
26-Jan-10,268.72,274.53,267.88,270.94,-
25-Jan-10,273.02,274.66,267.49,269.73,-
22-Jan-10,281.97,285.01,267.16,274.73,-
21-Jan-10,291.43,293.12,285.84,291.20,-
20-Jan-10,292.70,292.70,287.36,289.91,-
19-Jan-10,290.45,294.91,287.86,293.52,-
15-Jan-10,295.50,296.48,288.73,289.71,-
14-Jan-10,291.66,296.80,291.11,294.63,-
13-Jan-10,287.96,293.90,286.66,293.25,-
12-Jan-10,298.74,298.78,293.71,294.94,-
11-Jan-10,301.93,301.93,296.72,300.25,-
8-Jan-10,295.70,301.32,294.26,300.71,-
7-Jan-10,304.40,304.70,296.03,296.75,-
6-Jan-10,312.62,312.62,302.88,303.83,-
5-Jan-10,313.28,313.61,310.46,311.68,-
4-Jan-10,313.16,314.44,311.81,313.06,-
31-Dec-09,312.06,312.39,309.68,309.68,-
30-Dec-09,308.94,311.05,308.70,311.05,-
29-Dec-09,312.06,312.11,308.84,309.39,-
28-Dec-09,310.52,312.68,308.93,311.12,-
24-Dec-09,306.16,309.45,305.83,308.93,-
23-Dec-09,301.45,306.13,301.12,305.53,-
22-Dec-09,300.37,300.45,299.13,300.26,-
21-Dec-09,298.68,299.62,297.54,299.04,-
18-Dec-09,297.72,299.17,297.20,297.91,-
17-Dec-09,297.92,298.52,296.58,296.67,-
16-Dec-09,299.16,299.88,298.02,298.58,-
15-Dec-09,296.35,297.89,295.20,296.27,-
14-Dec-09,297.32,298.36,296.01,297.57,-
11-Dec-09,297.04,297.08,293.57,294.96,-
10-Dec-09,294.92,297.06,294.91,295.45,-
9-Dec-09,293.46,294.37,291.50,294.22,-
8-Dec-09,291.46,295.03,290.71,293.23,-
7-Dec-09,291.82,294.05,290.21,292.83,-
4-Dec-09,296.21,297.12,289.30,292.21,-
3-Dec-09,294.23,295.43,292.21,292.58,-
2-Dec-09,295.19,296.21,292.82,293.46,-
1-Dec-09,293.77,295.31,291.21,294.64,-
30-Nov-09,290.02,291.54,288.27,291.21,-
27-Nov-09,285.71,290.94,285.20,289.59,-
25-Nov-09,292.91,293.24,291.05,292.58,-
24-Nov-09,290.96,291.85,287.98,291.25,-
23-Nov-09,287.96,293.01,287.64,290.88,-
20-Nov-09,284.46,285.51,284.42,284.70,-
19-Nov-09,286.60,286.71,284.72,286.21,-
18-Nov-09,288.04,289.10,285.75,288.04,-
17-Nov-09,287.15,288.46,286.57,288.46,-
16-Nov-09,287.21,288.21,286.10,287.85,-
13-Nov-09,284.36,285.97,283.02,285.74,-
12-Nov-09,284.50,286.16,282.47,283.64,-
11-Nov-09,284.95,286.46,282.65,284.99,-
10-Nov-09,281.08,284.11,280.72,283.10,-
9-Nov-09,277.45,281.01,276.84,280.97,-
6-Nov-09,273.59,275.61,272.48,275.27,-
5-Nov-09,271.47,274.61,271.06,274.05,-
4-Nov-09,270.13,272.48,267.94,269.89,-
3-Nov-09,264.74,268.48,263.89,268.38,-
2-Nov-09,268.27,269.46,263.86,266.73,-
30-Oct-09,274.72,274.81,266.85,267.79,-
29-Oct-09,271.23,275.64,270.23,275.25,-
28-Oct-09,273.66,274.72,268.86,269.88,-
27-Oct-09,275.21,277.00,271.81,273.87,-
26-Oct-09,277.60,280.54,275.17,276.83,-
23-Oct-09,277.35,278.67,275.32,276.57,-
22-Oct-09,274.72,277.22,273.73,276.77,-
21-Oct-09,274.68,279.40,274.23,275.27,-
20-Oct-09,275.54,276.20,270.08,275.58,-
19-Oct-09,276.07,276.52,274.09,275.77,-
16-Oct-09,273.39,277.10,271.99,274.65,-
15-Oct-09,266.61,268.18,263.37,264.69,-
14-Oct-09,265.96,267.52,264.74,267.39,-
13-Oct-09,261.93,263.47,260.43,262.79,-
12-Oct-09,261.45,262.62,259.40,261.76,-
9-Oct-09,258.07,260.49,256.99,257.87,-
8-Oct-09,259.53,261.36,256.41,256.83,-
7-Oct-09,249.25,259.24,248.66,258.51,-
6-Oct-09,245.60,249.44,245.60,249.12,-
5-Oct-09,243.58,245.97,241.43,244.02,-
2-Oct-09,241.63,245.62,241.06,242.05,-
1-Oct-09,246.25,247.99,243.26,243.36,-
30-Sep-09,249.75,249.82,243.38,247.68,-
29-Sep-09,249.52,249.63,246.26,249.02,-
28-Sep-09,247.17,250.50,246.40,249.02,-
25-Sep-09,246.90,249.72,245.75,245.99,-
24-Sep-09,249.98,250.45,246.25,248.14,-
23-Sep-09,250.14,253.25,248.61,248.98,-
22-Sep-09,250.21,250.74,248.66,249.28,-
21-Sep-09,243.63,249.20,242.87,248.25,-
18-Sep-09,248.14,248.24,245.37,245.48,-
17-Sep-09,245.04,248.44,243.33,245.61,-
16-Sep-09,239.66,244.44,239.00,243.90,-
15-Sep-09,237.30,239.22,236.12,238.53,-
14-Sep-09,235.02,238.16,234.79,237.32,-
11-Sep-09,234.96,236.41,233.58,235.83,-
10-Sep-09,233.09,235.23,230.77,235.23,-
9-Sep-09,229.30,232.90,229.17,231.75,-
8-Sep-09,231.91,233.26,227.69,229.08,-
4-Sep-09,228.56,231.07,227.66,230.42,-
3-Sep-09,227.68,228.90,227.27,228.53,-
2-Sep-09,227.68,228.94,226.07,226.28,-
1-Sep-09,229.61,233.18,226.98,227.65,-
31-Aug-09,229.67,230.70,228.77,230.60,-
28-Aug-09,234.40,235.95,231.46,232.14,-
27-Aug-09,234.06,234.06,230.13,232.80,-
26-Aug-09,236.14,236.26,233.12,233.77,-
25-Aug-09,234.33,236.94,234.13,235.45,-
24-Aug-09,233.44,234.81,231.98,234.13,-
21-Aug-09,232.54,232.81,231.09,232.39,-
20-Aug-09,225.77,230.86,225.39,229.97,-
19-Aug-09,219.78,222.28,219.06,221.76,-
18-Aug-09,222.33,223.63,220.94,222.42,-
17-Aug-09,225.52,225.77,221.34,222.22,-
14-Aug-09,231.16,231.36,228.22,229.77,-
13-Aug-09,230.84,232.13,229.23,230.91,-
12-Aug-09,227.48,230.64,227.23,229.06,-
11-Aug-09,226.61,228.39,225.96,226.74,-
10-Aug-09,227.34,228.98,226.67,228.08,-
7-Aug-09,227.61,229.48,227.27,228.32,-
6-Aug-09,226.92,227.21,224.04,224.95,-
5-Aug-09,227.77,228.23,223.72,225.34,-
4-Aug-09,224.46,226.77,223.99,226.64,-
3-Aug-09,224.15,226.72,223.60,225.88,-
31-Jul-09,224.77,226.12,220.99,221.30,-
30-Jul-09,221.08,225.51,221.08,222.60,-
29-Jul-09,218.40,218.68,215.73,217.90,-
28-Jul-09,220.28,221.18,217.83,219.71,-
27-Jul-09,222.80,223.15,218.59,222.18,-
24-Jul-09,217.69,225.02,217.28,223.14,-
23-Jul-09,214.13,220.38,212.54,218.45,-
22-Jul-09,213.79,214.88,211.54,213.63,-
21-Jul-09,215.25,215.73,212.65,213.74,-
20-Jul-09,214.73,216.21,212.91,214.87,-
17-Jul-09,216.28,217.52,213.14,214.91,-
16-Jul-09,218.12,222.65,216.83,221.08,-
15-Jul-09,214.62,219.12,214.03,218.87,-
14-Jul-09,211.64,213.15,210.22,212.13,-
13-Jul-09,207.88,212.05,207.38,211.94,-
10-Jul-09,204.58,208.48,204.15,206.99,-
9-Jul-09,202.86,207.02,202.70,204.99,-
8-Jul-09,199.80,202.80,198.83,201.04,-
7-Jul-09,203.92,204.39,197.79,198.12,-
6-Jul-09,203.05,205.11,200.63,204.60,-
2-Jul-09,207.50,207.50,203.20,204.04,-
1-Jul-09,211.89,212.99,208.87,209.29,-
30-Jun-09,211.79,213.39,208.90,210.58,-
29-Jun-09,212.79,213.69,210.91,211.86,-
26-Jun-09,206.63,213.90,206.35,212.45,-
25-Jun-09,203.30,207.74,203.05,207.68,-
24-Jun-09,204.17,205.91,203.08,204.44,-
23-Jun-09,203.12,204.29,201.07,202.64,-
22-Jun-09,208.27,208.54,200.74,203.47,-
19-Jun-09,208.90,210.02,207.08,209.83,-
18-Jun-09,207.63,209.14,206.29,206.82,-
17-Jun-09,207.89,209.65,205.57,207.37,-
16-Jun-09,209.45,210.33,207.50,207.79,-
15-Jun-09,210.54,210.54,206.79,208.18,-
12-Jun-09,213.22,213.64,210.39,212.21,-
11-Jun-09,215.67,216.65,213.97,214.29,-
10-Jun-09,217.90,218.73,213.12,216.08,-
9-Jun-09,219.07,220.03,215.66,217.59,-
8-Jun-09,219.53,220.24,216.84,219.17,-
5-Jun-09,222.31,223.45,219.51,221.94,-
4-Jun-09,217.43,220.40,217.03,219.92,-
3-Jun-09,212.79,216.02,211.79,215.61,-
2-Jun-09,212.91,214.77,211.49,213.99,-
1-Jun-09,209.16,214.59,209.06,213.07,-
29-May-09,205.85,208.41,205.14,208.41,-
28-May-09,204.14,205.60,202.10,204.99,-
27-May-09,202.62,205.72,202.20,202.58,-
26-May-09,195.78,202.30,194.80,201.98,-
22-May-09,198.13,199.13,195.80,196.55,-
21-May-09,197.95,201.22,196.72,198.05,-
20-May-09,200.84,202.63,197.30,198.39,-
19-May-09,197.85,200.62,196.30,199.24,-
18-May-09,197.17,198.46,192.51,198.22,-
15-May-09,195.35,196.86,194.35,194.80,-
14-May-09,194.21,195.91,192.15,193.56,-
13-May-09,196.85,198.00,193.98,194.58,-
12-May-09,204.80,205.29,197.36,199.31,-
11-May-09,201.20,205.79,200.40,203.79,-
8-May-09,201.22,204.86,197.30,203.46,-
7-May-09,201.85,202.29,196.05,198.11,-
6-May-09,203.19,203.94,200.30,201.53,-
5-May-09,199.79,202.30,198.43,201.29,-
4-May-09,198.89,201.00,197.20,200.79,-
1-May-09,197.32,198.60,195.58,196.65,-
30-Apr-09,197.68,201.67,197.20,197.79,-
29-Apr-09,192.79,197.29,192.72,195.54,-
28-Apr-09,191.68,194.33,190.58,191.66,-
27-Apr-09,191.98,194.55,191.18,192.78,-
24-Apr-09,192.83,196.39,190.06,194.55,-
23-Apr-09,193.56,194.68,190.36,192.15,-
22-Apr-09,190.68,194.80,189.32,191.74,-
21-Apr-09,187.90,191.96,187.86,190.54,-
20-Apr-09,192.88,195.13,187.76,189.46,-
17-Apr-09,192.82,199.71,192.21,195.92,-
16-Apr-09,190.56,196.25,190.32,194.18,-
15-Apr-09,183.37,190.34,181.90,189.56,-
14-Apr-09,188.28,188.31,182.62,184.27,-
13-Apr-09,185.48,189.36,184.96,188.87,-
9-Apr-09,184.57,186.99,182.94,186.06,-
8-Apr-09,181.57,182.32,177.93,180.82,-
7-Apr-09,181.12,181.69,177.48,179.15,-
6-Apr-09,183.32,184.73,180.52,183.94,-
3-Apr-09,182.07,185.67,178.82,184.71,-
2-Apr-09,181.47,184.70,179.98,181.07,-
1-Apr-09,171.72,177.44,170.13,176.87,-
31-Mar-09,174.29,176.58,172.92,173.86,-
30-Mar-09,171.10,171.73,167.86,171.17,-
27-Mar-09,174.82,175.82,172.56,173.68,-
26-Mar-09,176.39,179.40,174.08,176.47,-
25-Mar-09,175.02,175.49,167.96,171.86,-
24-Mar-09,173.08,176.74,171.83,173.41,-
23-Mar-09,166.61,174.55,166.35,174.13,-
20-Mar-09,164.98,166.33,163.01,164.91,-
19-Mar-09,165.67,167.83,163.53,164.81,-
18-Mar-09,167.24,169.83,163.86,166.38,-
17-Mar-09,159.93,167.50,159.39,167.50,-
16-Mar-09,162.83,164.70,159.14,159.69,-
13-Mar-09,162.89,163.57,159.36,162.05,-
12-Mar-09,158.61,162.34,156.67,161.60,-
11-Mar-09,154.89,159.84,152.70,158.80,-
10-Mar-09,148.98,155.09,146.98,153.93,-
9-Mar-09,149.84,153.13,144.58,145.30,-
6-Mar-09,153.46,154.94,146.98,154.13,-
5-Mar-09,158.08,159.38,151.17,152.67,-
4-Mar-09,161.42,164.34,157.53,159.30,-
3-Mar-09,164.87,166.68,161.01,162.58,-
2-Mar-09,166.50,170.18,162.84,163.42,-
27-Feb-09,166.31,171.74,165.39,168.83,-
26-Feb-09,172.81,176.07,168.41,168.42,-
25-Feb-09,170.90,175.97,169.29,170.65,-
24-Feb-09,165.34,174.64,165.28,172.55,-
23-Feb-09,173.33,174.73,164.61,164.86,-
20-Feb-09,168.86,174.29,167.33,173.05,-
19-Feb-09,178.56,179.72,170.53,171.15,-
18-Feb-09,173.45,176.51,170.09,176.38,-
17-Feb-09,173.08,173.37,169.68,171.16,-
13-Feb-09,180.91,181.31,177.44,178.66,-
12-Feb-09,176.40,181.63,175.56,181.34,-
11-Feb-09,179.30,182.32,176.32,178.84,-
10-Feb-09,187.80,188.56,178.77,179.08,-
9-Feb-09,185.45,190.31,183.47,189.20,-
6-Feb-09,178.05,186.72,177.54,185.45,-
5-Feb-09,170.28,177.51,168.33,176.68,-
4-Feb-09,169.86,177.04,169.42,171.33,-
3-Feb-09,171.11,171.33,166.75,170.05,-
2-Feb-09,166.98,172.33,165.83,170.11,-
30-Jan-09,172.17,174.23,167.83,169.10,-
29-Jan-09,172.10,172.35,169.88,171.49,-
28-Jan-09,168.82,175.99,167.99,174.16,-
27-Jan-09,163.06,166.77,161.97,165.57,-
26-Jan-09,162.26,163.84,160.12,161.77,-
23-Jan-09,154.48,165.81,151.96,162.19,-
22-Jan-09,148.87,154.52,147.43,153.10,-
21-Jan-09,144.03,151.60,144.03,151.39,-
20-Jan-09,149.42,149.60,141.23,141.23,-
16-Jan-09,152.36,153.97,147.70,149.69,-
15-Jan-09,148.64,151.64,143.25,149.35,-
14-Jan-09,154.84,156.74,148.73,150.33,-
13-Jan-09,155.73,160.14,155.04,157.00,-
12-Jan-09,158.00,159.32,154.96,156.19,-
9-Jan-09,163.59,163.59,156.54,157.38,-
8-Jan-09,158.98,162.43,158.51,162.43,-
7-Jan-09,164.00,165.29,159.22,160.84,-
6-Jan-09,166.32,170.23,163.03,166.86,-
5-Jan-09,160.34,165.45,157.34,163.86,-
2-Jan-09,154.15,160.75,152.60,160.50,-
31-Dec-08,151.95,155.34,151.15,153.67,-
30-Dec-08,150.25,153.25,149.21,151.40,-
29-Dec-08,149.96,150.54,145.64,148.56,-
26-Dec-08,151.88,152.48,149.01,150.03,-
24-Dec-08,150.59,153.02,149.04,151.32,-
23-Dec-08,150.06,151.50,148.19,148.86,-
22-Dec-08,154.13,154.60,145.17,148.41,-
19-Dec-08,155.34,158.74,154.35,154.93,-
18-Dec-08,158.19,160.01,154.40,154.98,-
17-Dec-08,159.16,160.90,156.05,157.46,-
16-Dec-08,157.10,164.59,155.48,162.48,-
15-Dec-08,156.85,159.09,152.40,155.18,-
12-Dec-08,147.71,158.08,146.85,157.72,-
11-Dec-08,151.93,156.28,148.75,149.96,-
10-Dec-08,154.47,157.29,152.10,154.26,-
9-Dec-08,148.70,158.84,148.36,152.83,-
8-Dec-08,144.85,154.57,140.86,150.90,-
5-Dec-08,135.37,141.98,131.88,141.85,-
4-Dec-08,138.13,141.60,134.25,137.03,-
3-Dec-08,134.79,140.54,132.54,139.58,-
2-Dec-08,134.73,138.75,131.16,137.42,-
1-Dec-08,143.20,143.55,132.86,132.86,-
28-Nov-08,145.14,148.08,144.00,146.33,-
26-Nov-08,140.00,147.58,137.96,145.90,-
25-Nov-08,134.21,143.19,133.53,140.88,-
24-Nov-08,134.50,134.84,124.38,128.59,-
21-Nov-08,131.12,134.55,123.53,131.08,-
20-Nov-08,137.31,141.33,129.39,129.65,-
19-Nov-08,147.55,149.94,139.15,139.95,-
18-Nov-08,150.63,151.71,142.53,148.56,-
17-Nov-08,151.35,154.92,148.83,149.91,-
14-Nov-08,151.47,162.33,151.13,154.85,-
13-Nov-08,145.74,156.34,139.86,155.88,-
12-Nov-08,150.87,156.09,143.74,145.35,-
11-Nov-08,154.19,157.99,150.11,155.57,-
10-Nov-08,163.84,164.56,154.58,159.23,-
7-Nov-08,166.39,170.40,162.50,165.40,-
6-Nov-08,169.82,172.04,162.74,165.44,-
5-Nov-08,180.89,184.26,170.48,170.95,-
4-Nov-08,176.54,185.99,172.58,183.29,-
3-Nov-08,178.61,181.31,170.54,173.07,-
31-Oct-08,177.90,185.79,176.96,179.50,-
30-Oct-08,184.05,185.81,179.01,179.67,-
29-Oct-08,182.71,185.31,176.01,178.82,-
28-Oct-08,169.36,184.47,164.09,184.19,-
27-Oct-08,167.24,171.33,162.64,164.58,-
24-Oct-08,163.07,175.06,162.21,169.48,-
23-Oct-08,176.65,178.82,168.83,175.98,-
22-Oct-08,178.32,184.66,171.83,177.66,-
21-Oct-08,186.01,191.70,180.82,181.19,-
20-Oct-08,189.69,190.30,179.62,189.47,-
17-Oct-08,189.29,192.81,181.59,186.08,-
16-Oct-08,166.21,178.07,154.57,176.33,-
15-Oct-08,177.15,179.32,169.25,169.42,-
14-Oct-08,196.57,197.05,178.32,181.17,-
13-Oct-08,177.72,190.78,172.70,190.32,-
10-Oct-08,156.42,170.77,154.99,165.83,-
9-Oct-08,172.09,174.11,160.67,164.33,-
8-Oct-08,164.91,179.32,162.89,168.89,-
7-Oct-08,186.48,187.30,172.51,172.83,-
6-Oct-08,186.80,187.81,178.40,185.42,-
3-Oct-08,198.48,206.04,191.34,193.26,-
2-Oct-08,204.69,204.79,192.81,195.05,-
1-Oct-08,205.86,208.28,201.35,205.65,-
30-Sep-08,197.80,212.34,195.96,200.06,-
29-Sep-08,209.55,211.54,190.16,190.31,-
26-Sep-08,213.79,218.36,210.30,215.30,-
25-Sep-08,219.20,224.78,217.77,219.58,-
24-Sep-08,214.95,222.28,214.84,217.34,-
23-Sep-08,216.41,220.17,212.65,214.42,-
22-Sep-08,226.84,226.84,214.29,214.85,-
19-Sep-08,230.27,230.80,221.42,224.35,-
18-Sep-08,211.11,219.37,205.04,219.32,-
17-Sep-08,219.02,219.35,206.51,207.04,-
16-Sep-08,212.77,224.42,212.53,221.24,-
15-Sep-08,211.79,220.76,211.64,216.71,-
12-Sep-08,214.89,220.77,214.29,218.61,-
11-Sep-08,203.97,217.33,202.99,216.66,-
10-Sep-08,212.02,212.03,204.64,206.87,-
9-Sep-08,211.37,215.97,207.29,209.12,-
8-Sep-08,225.78,226.24,208.57,209.76,-
5-Sep-08,222.52,226.00,219.82,221.90,-
4-Sep-08,229.77,231.39,224.48,224.90,-
3-Sep-08,234.13,236.91,229.56,231.97,-
2-Sep-08,238.15,240.85,230.48,232.39,-
29-Aug-08,234.64,235.27,230.93,231.41,-
28-Aug-08,236.01,237.99,234.93,236.65,-
27-Aug-08,236.63,237.18,232.19,234.06,-
26-Aug-08,241.49,241.49,235.06,236.84,-
25-Aug-08,242.81,248.25,240.51,241.26,-
22-Aug-08,245.50,247.19,244.50,245.05,-
21-Aug-08,241.22,244.70,239.40,243.02,-
20-Aug-08,247.11,248.10,241.04,242.26,-
19-Aug-08,244.97,248.89,243.07,245.00,-
18-Aug-08,254.67,254.74,247.51,248.90,-
15-Aug-08,253.24,255.07,252.50,254.82,-
14-Aug-08,248.60,253.55,247.90,252.49,-
13-Aug-08,250.55,251.52,246.69,249.76,-
12-Aug-08,250.75,252.81,248.75,251.05,-
11-Aug-08,245.99,254.19,245.64,250.17,-
8-Aug-08,239.83,247.63,237.61,247.26,-
7-Aug-08,240.76,241.76,237.97,239.32,-
6-Aug-08,238.95,244.64,236.02,242.93,-
5-Aug-08,233.56,239.80,232.93,239.69,-
4-Aug-08,233.83,236.27,230.72,231.27,-
1-Aug-08,236.02,236.37,231.02,233.70,-
31-Jul-08,237.04,240.20,235.48,236.64,-
30-Jul-08,242.51,242.77,236.17,241.11,-
29-Jul-08,239.41,243.39,238.76,241.31,-
28-Jul-08,245.80,245.80,237.33,238.32,-
25-Jul-08,243.00,246.32,240.51,245.74,-
24-Jul-08,248.10,248.19,237.57,237.57,-
23-Jul-08,240.56,248.37,238.81,244.37,-
22-Jul-08,233.13,239.88,232.57,238.32,-
21-Jul-08,240.20,241.80,232.62,234.17,-
18-Jul-08,248.93,249.24,238.86,240.42,-
17-Jul-08,266.81,268.26,261.99,266.45,-
16-Jul-08,256.76,267.98,255.04,267.53,-
15-Jul-08,257.88,263.49,250.30,257.79,-
14-Jul-08,269.23,269.76,257.47,260.55,-
11-Jul-08,267.98,269.48,259.46,266.63,-
10-Jul-08,272.23,274.48,265.10,270.02,-
9-Jul-08,275.10,277.56,270.09,270.50,-
8-Jul-08,272.72,277.32,269.73,276.99,-
7-Jul-08,270.88,274.23,267.53,271.68,-
3-Jul-08,265.17,269.35,263.49,268.23,-
2-Jul-08,267.99,269.92,262.77,263.26,-
1-Jul-08,259.53,268.09,258.24,267.10,-
30-Jun-08,265.98,268.73,261.27,262.95,-
27-Jun-08,263.58,264.74,257.29,263.77,-
26-Jun-08,271.78,272.19,263.87,264.15,-
25-Jun-08,272.21,278.62,271.56,275.22,-
24-Jun-08,272.30,275.32,267.28,270.88,-
23-Jun-08,272.41,276.30,270.74,272.33,-
20-Jun-08,278.21,278.21,271.98,272.94,-
19-Jun-08,277.40,281.61,275.13,279.82,-
18-Jun-08,281.97,284.21,279.30,280.91,-
17-Jun-08,287.89,288.75,283.91,284.45,-
16-Jun-08,282.97,289.26,282.97,286.12,-
13-Jun-08,280.46,287.56,280.39,285.47,-
12-Jun-08,274.11,278.72,273.17,276.20,-
11-Jun-08,277.84,278.39,271.96,272.33,-
10-Jun-08,274.51,279.13,273.12,276.81,-
9-Jun-08,283.75,284.72,272.43,278.66,-
6-Jun-08,289.59,290.07,283.22,283.22,-
5-Jun-08,288.25,293.73,287.82,292.86,-
4-Jun-08,282.38,288.71,281.99,285.82,-
3-Jun-08,287.96,289.96,280.02,283.37,-
2-Jun-08,290.96,291.65,285.35,287.21,-
30-May-08,291.44,294.67,290.36,292.61,-
29-May-08,287.11,292.65,286.31,291.21,-
28-May-08,283.69,285.46,280.27,283.84,-
27-May-08,272.21,281.02,271.65,280.17,-
23-May-08,273.21,276.22,268.64,272.04,-
22-May-08,275.70,276.83,269.85,274.46,-
21-May-08,288.97,290.41,273.67,274.72,-
20-May-08,287.03,290.95,286.17,289.01,-
19-May-08,288.99,294.15,286.47,288.47,-
16-May-08,290.42,292.05,288.87,289.74,-
15-May-08,289.21,291.18,287.52,290.21,-
14-May-08,292.95,295.30,287.34,287.86,-
13-May-08,292.82,293.68,288.99,291.21,-
12-May-08,287.09,293.08,284.17,292.18,-
9-May-08,289.20,292.20,285.40,286.30,-
8-May-08,292.81,294.36,289.17,291.21,-
7-May-08,294.84,299.45,287.93,289.21,-
6-May-08,295.20,295.70,291.21,292.89,-
5-May-08,299.13,299.20,293.27,297.15,-
2-May-08,298.95,300.92,289.36,290.35,-
1-May-08,288.87,297.17,288.20,296.24,-
30-Apr-08,280.82,292.14,278.96,286.86,-
29-Apr-08,275.14,281.42,274.73,278.96,-
28-Apr-08,272.67,278.13,269.23,275.78,-
25-Apr-08,274.24,276.22,271.09,271.76,-
24-Apr-08,275.37,276.97,269.74,271.25,-
23-Apr-08,278.69,279.38,270.20,272.97,-
22-Apr-08,268.52,280.13,268.51,277.22,-
21-Apr-08,269.43,271.02,264.88,268.63,-
18-Apr-08,267.34,273.58,262.12,269.44,-
17-Apr-08,227.59,229.46,223.04,224.55,-
16-Apr-08,221.98,228.91,220.28,227.29,-
15-Apr-08,228.84,229.63,221.64,223.20,-
14-Apr-08,228.35,228.50,224.85,225.60,-
11-Apr-08,231.80,233.40,227.28,228.50,-
10-Apr-08,232.25,236.70,230.69,234.30,-
9-Apr-08,234.33,235.76,228.54,231.86,-
8-Apr-08,236.28,236.83,230.77,233.67,-
7-Apr-08,238.28,242.48,236.53,238.17,-
4-Apr-08,228.28,238.68,227.87,235.31,-
3-Apr-08,230.63,231.41,223.84,227.33,-
2-Apr-08,234.72,237.63,229.96,232.62,-
1-Apr-08,223.65,233.02,223.21,232.62,-
31-Mar-08,217.60,221.12,215.79,220.01,-
28-Mar-08,223.51,226.56,216.94,218.82,-
27-Mar-08,222.78,224.08,220.02,221.82,-
26-Mar-08,226.07,231.20,224.42,228.87,-
25-Mar-08,228.50,228.51,222.78,225.16,-
24-Mar-08,219.00,232.66,218.64,230.05,-
20-Mar-08,213.45,217.63,208.54,216.56,-
19-Mar-08,220.33,223.53,215.62,215.78,-
18-Mar-08,214.28,220.20,212.55,219.36,-
17-Mar-08,213.78,216.64,205.85,209.73,-
14-Mar-08,221.27,224.45,215.09,218.74,-
13-Mar-08,216.12,223.27,214.18,221.28,-
12-Mar-08,219.78,223.72,218.82,219.87,-
11-Mar-08,212.42,219.85,212.11,219.70,-
10-Mar-08,214.20,215.28,206.31,206.60,-
7-Mar-08,214.23,219.78,212.91,216.46,-
6-Mar-08,223.62,226.42,215.37,216.13,-
5-Mar-08,222.40,226.86,221.78,223.63,-
4-Mar-08,225.25,226.45,217.67,222.08,-
3-Mar-08,235.52,236.12,224.83,228.28,-
29-Feb-08,235.70,239.63,232.09,235.35,-
28-Feb-08,235.01,239.31,233.45,237.46,-
27-Feb-08,229.83,237.51,229.59,236.19,-
26-Feb-08,230.37,233.00,223.20,231.86,-
25-Feb-08,252.72,253.00,242.63,242.98,-
22-Feb-08,250.78,254.25,248.53,253.65,-
21-Feb-08,256.17,256.35,249.50,251.18,-
20-Feb-08,251.50,255.25,249.16,254.25,-
19-Feb-08,267.20,267.26,253.00,254.22,-
15-Feb-08,263.89,266.06,261.90,264.56,-
14-Feb-08,268.91,270.25,265.23,265.86,-
13-Feb-08,260.99,267.23,259.09,267.04,-
12-Feb-08,261.43,265.03,256.26,258.79,-
11-Feb-08,260.00,261.59,256.44,260.32,-
8-Feb-08,254.45,258.61,254.10,258.09,-
7-Feb-08,248.18,256.84,247.13,252.22,-
6-Feb-08,255.31,255.33,248.72,250.60,-
5-Feb-08,244.47,254.25,244.02,253.15,-
4-Feb-08,254.28,256.13,246.03,247.47,-
1-Feb-08,264.07,268.07,254.74,257.69,-
31-Jan-08,269.24,286.21,266.88,281.87,-
30-Jan-08,274.32,279.93,271.48,273.86,-
29-Jan-08,279.95,280.38,270.06,274.98,-
28-Jan-08,285.20,285.83,274.03,277.71,-
25-Jan-08,295.61,297.20,282.81,282.92,-
24-Jan-08,279.12,289.56,276.79,286.96,-
23-Jan-08,280.07,283.72,259.24,274.04,-
22-Jan-08,280.73,298.45,280.32,291.88,-
18-Jan-08,303.88,304.69,298.93,299.82,-
17-Jan-08,310.07,312.56,298.71,300.09,-
16-Jan-08,314.17,319.68,300.66,307.67,-
15-Jan-08,322.78,324.20,317.37,318.51,-
14-Jan-08,325.24,328.37,322.30,326.58,-
11-Jan-08,321.03,324.41,314.74,318.81,-
10-Jan-08,322.18,328.27,319.73,323.04,-
9-Jan-08,314.70,326.34,310.94,326.27,-
8-Jan-08,326.17,329.65,315.18,315.52,-
7-Jan-08,326.64,330.81,318.36,324.30,-
4-Jan-08,339.51,340.14,327.17,328.17,-
3-Jan-08,342.29,343.08,337.92,342.32,-
2-Jan-08,346.09,348.34,338.53,342.25,-
